{
  "train_loss": [
    0.18820995673098984,
    0.11177682758254164,
    0.0846884740406976,
    0.06688726933344322,
    0.06062383571749225,
    0.05837215368142899,
    0.039807433602126206,
    0.03283331309828688,
    0.026627716827480233,
    0.023013096932760057,
    0.023062220771851785,
    0.016085833787698955,
    0.015526286055169562,
    0.01224820374387919,
    0.010632578565684312,
    0.008965926538974813,
    0.007514729811672997,
    0.0061406472218496835,
    0.007281058704521616,
    0.0039337643487242,
    0.00534567796096192,
    0.002940289191011449,
    0.002786372018882128,
    0.0027021577311268845,
    0.001917478521286017,
    0.0014915396632204647,
    0.0021084105036125573,
    0.0012729761094841011,
    0.001199042213128825,
    0.0011197369911208036,
    0.001429727213433259,
    0.0009834667262860902,
    0.0008510325341108802,
    0.0010928684392745387,
    0.0015205093857195392
  ],
  "val_macroF1": [
    0.6422466622427953,
    0.6157944115852807,
    0.6781041727490119,
    0.6575773215636367,
    0.6636003634715731,
    0.7050454548695202,
    0.7115540360453453,
    0.7095830515040635,
    0.7445166290203511,
    0.7398286352594271,
    0.734257855200247,
    0.7282729957894291,
    0.7571711663217918,
    0.7720155687197842,
    0.7531176973843012,
    0.7684071985042855,
    0.7589729028333433,
    0.7818522160619131,
    0.7757633001027237,
    0.7819285281060215,
    0.7838429974920909,
    0.7891082546617394,
    0.7827715284878435,
    0.7897004001072823,
    0.7851938958499112,
    0.796848253658096,
    0.797328832112514,
    0.7977498351869194,
    0.7929104537440815,
    0.8001498854898141,
    0.795414842040428,
    0.8029590562998464,
    0.8009816850301729,
    0.7992560064102509,
    0.7972820033327573
  ]
}